time_period,n,percentage
Night (12am-6am),2401,48.38774687625958
Evening (6pm-12am),1179,23.760580411124547
Afternoon (12pm-6pm),1129,22.75292220878678
Morning (6am-12pm),253,5.098750503829101
