time_period,n,percentage
Night (12am-6am),2366,49.056603773584904
Evening (6pm-12am),1146,23.761144515861496
Afternoon (12pm-6pm),1058,21.93655401202571
Morning (6am-12pm),253,5.245697698527888
