time_period,n,percentage
Night (12am-6am),2445,48.483045806067814
Evening (6pm-12am),1205,23.894507237755306
Afternoon (12pm-6pm),1139,22.585762442990283
Morning (6am-12pm),254,5.036684513186596
