time_period,n,percentage
Night (12am-6am),2362,49.15712799167534
Evening (6pm-12am),1140,23.72528616024974
Afternoon (12pm-6pm),1050,21.852237252861602
Morning (6am-12pm),253,5.265348595213319
