time_period,n,percentage
Night (12am-6am),2432,48.42692154520111
Evening (6pm-12am),1201,23.914774990043806
Afternoon (12pm-6pm),1135,22.600557546794107
Morning (6am-12pm),254,5.057745917960972
