time_period,n,percentage
Night (12am-6am),2278,48.94714224323163
Evening (6pm-12am),1090,23.420713364847444
Afternoon (12pm-6pm),1033,22.19596046411689
Morning (6am-12pm),253,5.43618392780404
