time_period,n,percentage
Night (12am-6am),2441,48.480635551142
Evening (6pm-12am),1203,23.892750744786497
Afternoon (12pm-6pm),1137,22.581926514399207
Morning (6am-12pm),254,5.044687189672294
