time_period,n,percentage
Night (12am-6am),2498,48.13102119460501
Evening (6pm-12am),1272,24.508670520231213
Afternoon (12pm-6pm),1166,22.466281310211947
Morning (6am-12pm),254,4.894026974951831
