time_period,n,percentage
Night (12am-6am),2278,48.91561090831007
Evening (6pm-12am),1091,23.427098990766588
Afternoon (12pm-6pm),1035,22.2246081168134
Morning (6am-12pm),253,5.432681984109942
