time_period,n,percentage
Night (12am-6am),2491,48.07024314936318
Evening (6pm-12am),1272,24.54650714010035
Afternoon (12pm-6pm),1165,22.48166730991895
Morning (6am-12pm),254,4.901582400617522
