time_period,n,percentage
Night (12am-6am),2393,48.5395537525355
Evening (6pm-12am),1172,23.772819472616632
Afternoon (12pm-6pm),1112,22.55578093306288
Morning (6am-12pm),253,5.1318458417849895
