time_period,n,percentage
Night (12am-6am),2373,49.04919388176933
Evening (6pm-12am),1150,23.770152955766847
Afternoon (12pm-6pm),1062,21.951219512195124
Morning (6am-12pm),253,5.229433650268707
