time_period,n,percentage
Night (12am-6am),2360,49.135956693733085
Evening (6pm-12am),1140,23.735165521549032
Afternoon (12pm-6pm),1050,21.861336664584634
Morning (6am-12pm),253,5.26754112013325
