time_period,n,percentage
Night (12am-6am),2380,48.75051208521098
Evening (6pm-12am),1158,23.71978697255223
Afternoon (12pm-6pm),1091,22.347398607128227
Morning (6am-12pm),253,5.182302335108562
