time_period,n,percentage
Night (12am-6am),2477,48.209420007785134
Evening (6pm-12am),1248,24.28960685091475
Afternoon (12pm-6pm),1159,22.55741533670689
Morning (6am-12pm),254,4.943557804593227
