time_period,n,percentage
Night (12am-6am),2284,48.949849978568366
Evening (6pm-12am),1093,23.42477496785255
Afternoon (12pm-6pm),1036,22.203171881697386
Morning (6am-12pm),253,5.422203171881698
