time_period,n,percentage
Night (12am-6am),2427,48.42378292098963
Evening (6pm-12am),1198,23.902633679169995
Afternoon (12pm-6pm),1133,22.605746209098164
Morning (6am-12pm),254,5.067837190742218
