time_period,n,percentage
Night (12am-6am),2443,48.47222222222222
Evening (6pm-12am),1205,23.908730158730158
Afternoon (12pm-6pm),1138,22.57936507936508
Morning (6am-12pm),254,5.0396825396825395
