time_period,n,percentage
Night (12am-6am),2400,48.484848484848484
Evening (6pm-12am),1176,23.757575757575758
Afternoon (12pm-6pm),1121,22.646464646464644
Morning (6am-12pm),253,5.111111111111112
