time_period,n,percentage
Night (12am-6am),2271,48.965071151358345
Evening (6pm-12am),1086,23.415265200517467
Afternoon (12pm-6pm),1030,22.207848210435532
Morning (6am-12pm),251,5.4118154376886585
