time_period,n,percentage
Night (12am-6am),2426,48.423153692614775
Evening (6pm-12am),1197,23.892215568862277
Afternoon (12pm-6pm),1133,22.614770459081836
Morning (6am-12pm),254,5.069860279441118
