time_period,n,percentage
Night (12am-6am),2296,48.87186036611324
Evening (6pm-12am),1108,23.58450404427416
Afternoon (12pm-6pm),1041,22.158365261813536
Morning (6am-12pm),253,5.385270327799063
