time_period,n,percentage
Night (12am-6am),2487,48.06725937379204
Evening (6pm-12am),1270,24.54580595284113
Afternoon (12pm-6pm),1163,22.477773482798607
Morning (6am-12pm),254,4.909161190568226
