time_period,n,percentage
Night (12am-6am),2412,48.3560545308741
Evening (6pm-12am),1193,23.91740176423416
Afternoon (12pm-6pm),1130,22.654370489174017
Morning (6am-12pm),253,5.072173215717723
