time_period,n,percentage
Night (12am-6am),2279,48.91607641124705
Evening (6pm-12am),1092,23.43850611719253
Afternoon (12pm-6pm),1035,22.215067611075337
Morning (6am-12pm),253,5.430349860485083
