time_period,n,percentage
Afternoon (12pm-6pm),512,40.99279423538831
Night (12am-6am),355,28.422738190552444
Evening (6pm-12am),289,23.138510808646917
Morning (6am-12pm),93,7.44595676541233
