time_period,n,percentage
Night (12am-6am),2434,48.447452229299365
Evening (6pm-12am),1201,23.905254777070066
Afternoon (12pm-6pm),1135,22.59156050955414
Morning (6am-12pm),254,5.055732484076433
