time_period,n,percentage
Night (12am-6am),2380,48.670756646216766
Evening (6pm-12am),1159,23.701431492842538
Afternoon (12pm-6pm),1098,22.45398773006135
Morning (6am-12pm),253,5.173824130879345
