time_period,n,percentage
Night (12am-6am),2472,48.26239750097618
Evening (6pm-12am),1240,24.20929324482624
Afternoon (12pm-6pm),1156,22.56930886372511
Morning (6am-12pm),254,4.959000390472472
