time_period,n,percentage
Night (12am-6am),2322,49.01836605446485
Evening (6pm-12am),1116,23.55921469284357
Afternoon (12pm-6pm),1046,22.08148617268313
Morning (6am-12pm),253,5.340933080008444
