time_period,n,percentage
Night (12am-6am),2401,48.34877164720097
Evening (6pm-12am),1183,23.82198952879581
Afternoon (12pm-6pm),1129,22.734595247684254
Morning (6am-12pm),253,5.094643576318969
