time_period,n,percentage
Night (12am-6am),2256,48.990228013029316
Evening (6pm-12am),1081,23.474484256243215
Afternoon (12pm-6pm),1017,22.08469055374593
Morning (6am-12pm),251,5.4505971769815424
