time_period,n,percentage
Night (12am-6am),2373,48.968221213371855
Evening (6pm-12am),1151,23.751547668179942
Afternoon (12pm-6pm),1069,22.05943045810978
Morning (6am-12pm),253,5.220800660338424
