time_period,n,percentage
Night (12am-6am),2381,48.651409889660805
Evening (6pm-12am),1161,23.722926031875765
Afternoon (12pm-6pm),1099,22.456068655496527
Morning (6am-12pm),253,5.169595422966898
