time_period,n,percentage
Night (12am-6am),2459,48.30092319780004
Evening (6pm-12am),1225,24.062070320172854
Afternoon (12pm-6pm),1153,22.647809860538203
Morning (6am-12pm),254,4.989196621488902
