time_period,n,percentage
Night (12am-6am),2373,48.86738056013179
Evening (6pm-12am),1152,23.72322899505766
Afternoon (12pm-6pm),1078,22.199341021416803
Morning (6am-12pm),253,5.210049423393739
