time_period,n,percentage
Night (12am-6am),2397,48.49281812664374
Evening (6pm-12am),1173,23.730528019421403
Afternoon (12pm-6pm),1120,22.65830467327534
Morning (6am-12pm),253,5.118349180659519
