time_period,n,percentage
Night (12am-6am),2457,48.29958718301553
Evening (6pm-12am),1224,24.06133280912129
Afternoon (12pm-6pm),1152,22.645960290937683
Morning (6am-12pm),254,4.993119716925496
