time_period,n,percentage
Night (12am-6am),2474,48.24492979719189
Evening (6pm-12am),1242,24.21996879875195
Afternoon (12pm-6pm),1158,22.581903276131047
Morning (6am-12pm),254,4.953198127925117
