time_period,n,percentage
Night (12am-6am),2486,48.066511987625674
Evening (6pm-12am),1269,24.535962877030162
Afternoon (12pm-6pm),1163,22.48646558391338
Morning (6am-12pm),254,4.911059551430781
