time_period,n,percentage
Night (12am-6am),2296,48.8822652757079
Evening (6pm-12am),1107,23.56823504364488
Afternoon (12pm-6pm),1041,22.163082818820524
Morning (6am-12pm),253,5.386416861826698
