time_period,n,percentage
Night (12am-6am),2481,48.01625701567641
Evening (6pm-12am),1269,24.559705825430616
Afternoon (12pm-6pm),1163,22.50822527578866
Morning (6am-12pm),254,4.915811883104316
