time_period,n,percentage
Night (12am-6am),2355,49.08295122967903
Evening (6pm-12am),1140,23.759899958315962
Afternoon (12pm-6pm),1050,21.88411838265944
Morning (6am-12pm),253,5.27303042934556
