time_period,n,percentage
Night (12am-6am),2392,48.588259191549874
Evening (6pm-12am),1170,23.76599634369287
Afternoon (12pm-6pm),1108,22.506601665651026
Morning (6am-12pm),253,5.139142799106236
