time_period,n,percentage
Night (12am-6am),2366,49.10751349107513
Evening (6pm-12am),1145,23.765047737650477
Afternoon (12pm-6pm),1054,21.87629721876297
Morning (6am-12pm),253,5.251141552511415
