time_period,n,percentage
Night (12am-6am),2384,48.563862293746176
Evening (6pm-12am),1167,23.772662456712162
Afternoon (12pm-6pm),1105,22.50967610511306
Morning (6am-12pm),253,5.1537991444286
