time_period,n,percentage
Night (12am-6am),2418,48.40840840840841
Evening (6pm-12am),1194,23.903903903903903
Afternoon (12pm-6pm),1130,22.62262262262262
Morning (6am-12pm),253,5.065065065065065
