time_period,n,percentage
Night (12am-6am),2350,49.05030265080359
Evening (6pm-12am),1138,23.7528699645168
Afternoon (12pm-6pm),1050,21.916092673763305
Morning (6am-12pm),253,5.280734710916302
