time_period,n,percentage
Night (12am-6am),2269,48.964177816141564
Evening (6pm-12am),1086,23.435476909797153
Afternoon (12pm-6pm),1028,22.183858437634875
Morning (6am-12pm),251,5.416486836426413
