time_period,n,percentage
Afternoon (12pm-6pm),451,45.14514514514514
Night (12am-6am),254,25.425425425425423
Evening (6pm-12am),220,22.02202202202202
Morning (6am-12pm),74,7.4074074074074066
