time_period,n,percentage
Night (12am-6am),2457,48.29009433962264
Evening (6pm-12am),1225,24.07625786163522
Afternoon (12pm-6pm),1152,22.641509433962266
Morning (6am-12pm),254,4.9921383647798745
