time_period,n,percentage
Night (12am-6am),2436,48.458325044758304
Evening (6pm-12am),1202,23.910881241296998
Afternoon (12pm-6pm),1135,22.57807837676547
Morning (6am-12pm),254,5.052715337179232
