time_period,n,percentage
Night (12am-6am),2295,48.933901918976545
Evening (6pm-12am),1104,23.539445628997868
Afternoon (12pm-6pm),1038,22.132196162046906
Morning (6am-12pm),253,5.394456289978678
