time_period,n,percentage
Night (12am-6am),2366,48.9956512735556
Evening (6pm-12am),1148,23.77303789604473
Afternoon (12pm-6pm),1062,21.992130875957756
Morning (6am-12pm),253,5.239179954441914
