time_period,n,percentage
Night (12am-6am),2376,48.82860665844636
Evening (6pm-12am),1156,23.756678997122894
Afternoon (12pm-6pm),1081,22.215371968762845
Morning (6am-12pm),253,5.199342375667899
