time_period,n,percentage
Night (12am-6am),2350,49.04006677796327
Evening (6pm-12am),1139,23.768781302170282
Afternoon (12pm-6pm),1050,21.911519198664443
Morning (6am-12pm),253,5.279632721202003
