time_period,n,percentage
Afternoon (12pm-6pm),670,35.58151885289432
Night (12am-6am),645,34.25385023898035
Evening (6pm-12am),454,24.11046202867764
Morning (6am-12pm),114,6.0541688794476896
