original_tz,n,percentage
-07:00,561,44.52380952380952
-08:00,373,29.603174603174605
-04:00,180,14.285714285714285
-05:00,142,11.26984126984127
-06:00,4,0.31746031746031744
