time_period,n,percentage
Night (12am-6am),2295,48.96522295711542
Evening (6pm-12am),1103,23.5331768721997
Afternoon (12pm-6pm),1036,22.103691060379774
Morning (6am-12pm),253,5.397909110305099
