time_period,n,percentage
Night (12am-6am),2325,48.967986520640274
Evening (6pm-12am),1124,23.67312552653749
Afternoon (12pm-6pm),1046,22.03032855939343
Morning (6am-12pm),253,5.328559393428812
