time_period,n,percentage
Night (12am-6am),2295,48.97567221510884
Evening (6pm-12am),1102,23.516858728126333
Afternoon (12pm-6pm),1036,22.10840802390098
Morning (6am-12pm),253,5.39906103286385
