time_period,n,percentage
Night (12am-6am),2413,48.35671342685371
Evening (6pm-12am),1194,23.927855711422847
Afternoon (12pm-6pm),1130,22.645290581162325
Morning (6am-12pm),253,5.070140280561122
