time_period,n,percentage
Afternoon (12pm-6pm),676,35.318704284221525
Night (12am-6am),658,34.37826541274817
Evening (6pm-12am),463,24.1901776384535
Morning (6am-12pm),117,6.112852664576803
