time_period,n,percentage
Night (12am-6am),2379,48.769987699877
Evening (6pm-12am),1158,23.739237392373923
Afternoon (12pm-6pm),1088,22.304223042230422
Morning (6am-12pm),253,5.186551865518655
