time_period,n,percentage
Night (12am-6am),2348,49.0700104493208
Evening (6pm-12am),1135,23.719958202716825
Afternoon (12pm-6pm),1049,21.922675026123304
Morning (6am-12pm),253,5.287356321839081
