time_period,n,percentage
Night (12am-6am),2246,48.91114982578397
Evening (6pm-12am),1079,23.497386759581882
Afternoon (12pm-6pm),1016,22.125435540069684
Morning (6am-12pm),251,5.46602787456446
