time_period,n,percentage
Night (12am-6am),2380,48.640915593705294
Evening (6pm-12am),1161,23.727774371551195
Afternoon (12pm-6pm),1099,22.46065808297568
Morning (6am-12pm),253,5.170651951767832
