time_period,n,percentage
Night (12am-6am),2274,48.92426850258176
Evening (6pm-12am),1088,23.407917383820998
Afternoon (12pm-6pm),1033,22.22461273666093
Morning (6am-12pm),253,5.443201376936316
