time_period,n,percentage
Night (12am-6am),2398,48.49342770475227
Evening (6pm-12am),1174,23.74115267947422
Afternoon (12pm-6pm),1120,22.649140546006066
Morning (6am-12pm),253,5.116279069767442
