time_period,n,percentage
Night (12am-6am),2423,48.4406237504998
Evening (6pm-12am),1195,23.89044382247101
Afternoon (12pm-6pm),1130,22.590963614554177
Morning (6am-12pm),254,5.07796881247501
