time_period,n,percentage
Night (12am-6am),2479,47.996127783155856
Evening (6pm-12am),1269,24.56921587608906
Afternoon (12pm-6pm),1163,22.516940948693126
Morning (6am-12pm),254,4.917715392061956
