time_period,n,percentage
Night (12am-6am),2339,49.07679395719681
Evening (6pm-12am),1128,23.667645824590853
Afternoon (12pm-6pm),1046,21.947125472093997
Morning (6am-12pm),253,5.308434746118338
