time_period,n,percentage
Night (12am-6am),2319,48.98605830164765
Evening (6pm-12am),1116,23.574144486692013
Afternoon (12pm-6pm),1046,22.09547950992818
Morning (6am-12pm),253,5.344317701732151
