time_period,n,percentage
Afternoon (12pm-6pm),672,35.33123028391167
Night (12am-6am),654,34.38485804416404
Evening (6pm-12am),459,24.13249211356467
Morning (6am-12pm),117,6.151419558359621
