time_period,n,percentage
Night (12am-6am),2426,48.452166966247255
Evening (6pm-12am),1195,23.866586778510086
Afternoon (12pm-6pm),1132,22.608348312362693
Morning (6am-12pm),254,5.072897942879968
