time_period,n,percentage
Night (12am-6am),2287,48.951198630136986
Evening (6pm-12am),1096,23.458904109589042
Afternoon (12pm-6pm),1036,22.174657534246574
Morning (6am-12pm),253,5.415239726027397
