time_period,n,percentage
Night (12am-6am),2260,48.907162951742045
Evening (6pm-12am),1084,23.458125946764767
Afternoon (12pm-6pm),1026,22.202986366587318
Morning (6am-12pm),251,5.431724734905864
