time_period,n,percentage
Night (12am-6am),2344,49.027400125496754
Evening (6pm-12am),1135,23.73980338841247
Afternoon (12pm-6pm),1049,21.941016523739805
Morning (6am-12pm),253,5.291779962350972
