time_period,n,percentage
Night (12am-6am),2452,48.3820047355959
Evening (6pm-12am),1220,24.072612470402525
Afternoon (12pm-6pm),1142,22.533543804262035
Morning (6am-12pm),254,5.011838989739542
