time_period,n,percentage
Night (12am-6am),2381,48.54230377166157
Evening (6pm-12am),1167,23.792048929663608
Afternoon (12pm-6pm),1104,22.507645259938837
Morning (6am-12pm),253,5.158002038735984
