time_period,n,percentage
Night (12am-6am),2308,48.898305084745765
Evening (6pm-12am),1113,23.58050847457627
Afternoon (12pm-6pm),1046,22.161016949152543
Morning (6am-12pm),253,5.360169491525424
