time_period,n,percentage
Night (12am-6am),2331,49.00147151566113
Evening (6pm-12am),1127,23.691402144208535
Afternoon (12pm-6pm),1046,21.98864830775699
Morning (6am-12pm),253,5.318478032373345
