time_period,n,percentage
Night (12am-6am),2411,48.384507324904675
Evening (6pm-12am),1189,23.86112783463777
Afternoon (12pm-6pm),1130,22.677102147300822
Morning (6am-12pm),253,5.077262693156733
