time_period,n,percentage
Night (12am-6am),2479,48.00542215336948
Evening (6pm-12am),1268,24.554608830364057
Afternoon (12pm-6pm),1163,22.521301316808675
Morning (6am-12pm),254,4.918667699457785
