time_period,n,percentage
Night (12am-6am),2452,48.4872454024125
Evening (6pm-12am),1210,23.927229582756578
Afternoon (12pm-6pm),1141,22.562784259442356
Morning (6am-12pm),254,5.02274075538857
