time_period,n,percentage
Night (12am-6am),2296,48.92392925633923
Evening (6pm-12am),1106,23.567014702748775
Afternoon (12pm-6pm),1038,22.11804815682932
Morning (6am-12pm),253,5.3910078840826765
