time_period,n,percentage
Night (12am-6am),2364,49.12718204488778
Evening (6pm-12am),1145,23.794679966749793
Afternoon (12pm-6pm),1050,21.820448877805486
Morning (6am-12pm),253,5.2576891105569405
