time_period,n,percentage
Night (12am-6am),2406,48.36180904522613
Evening (6pm-12am),1187,23.85929648241206
Afternoon (12pm-6pm),1129,22.69346733668342
Morning (6am-12pm),253,5.085427135678392
