time_period,n,percentage
Night (12am-6am),2339,49.004818772260634
Evening (6pm-12am),1132,23.716739995809764
Afternoon (12pm-6pm),1049,21.977791745233606
Morning (6am-12pm),253,5.300649486695998
