time_period,n,percentage
Night (12am-6am),2485,48.05646876812995
Evening (6pm-12am),1269,24.540707793463547
Afternoon (12pm-6pm),1163,22.49081415586927
Morning (6am-12pm),254,4.912009282537227
