time_period,n,percentage
Night (12am-6am),2483,48.03637067130973
Evening (6pm-12am),1269,24.550203134068486
Afternoon (12pm-6pm),1163,22.499516347455987
Morning (6am-12pm),254,4.9139098471657965
