time_period,n,percentage
Night (12am-6am),2308,48.88794746875662
Evening (6pm-12am),1114,23.596695615335733
Afternoon (12pm-6pm),1046,22.156322812963356
Morning (6am-12pm),253,5.359034102944292
