time_period,n,percentage
Night (12am-6am),2406,48.37153196622437
Evening (6pm-12am),1186,23.84398874145557
Afternoon (12pm-6pm),1129,22.69802975472457
Morning (6am-12pm),253,5.086449537595496
