time_period,n,percentage
Night (12am-6am),2410,48.3741469289442
Evening (6pm-12am),1189,23.865917302288235
Afternoon (12pm-6pm),1130,22.681653954235248
Morning (6am-12pm),253,5.078281814532317
