time_period,n,percentage
Night (12am-6am),2406,48.39098954143202
Evening (6pm-12am),1184,23.813354786806116
Afternoon (12pm-6pm),1129,22.707160096540626
Morning (6am-12pm),253,5.0884955752212395
