time_period,n,percentage
Night (12am-6am),2381,48.59183673469388
Evening (6pm-12am),1163,23.73469387755102
Afternoon (12pm-6pm),1103,22.510204081632654
Morning (6am-12pm),253,5.163265306122449
