time_period,n,percentage
Night (12am-6am),2410,48.383858662919096
Evening (6pm-12am),1188,23.850632403131904
Afternoon (12pm-6pm),1130,22.686207588837583
Morning (6am-12pm),253,5.079301345111423
