time_period,n,percentage
Afternoon (12pm-6pm),518,41.11111111111111
Night (12am-6am),357,28.333333333333332
Evening (6pm-12am),292,23.174603174603174
Morning (6am-12pm),93,7.380952380952381
