time_period,n,percentage
Night (12am-6am),2422,48.43031393721256
Evening (6pm-12am),1195,23.89522095580884
Afternoon (12pm-6pm),1130,22.595480903819237
Morning (6am-12pm),254,5.078984203159368
