time_period,n,percentage
Night (12am-6am),2466,48.3624240047068
Evening (6pm-12am),1225,24.02431849382232
Afternoon (12pm-6pm),1154,22.631888605608943
Morning (6am-12pm),254,4.981368895861934
