time_period,n,percentage
Night (12am-6am),2376,48.848684210526315
Evening (6pm-12am),1156,23.766447368421055
Afternoon (12pm-6pm),1079,22.183388157894736
Morning (6am-12pm),253,5.201480263157895
