original_tz,n,percentage
-07:00,561,44.91593274619696
-08:00,362,28.98318654923939
-04:00,180,14.411529223378702
-05:00,142,11.369095276220976
-06:00,4,0.32025620496397117
