time_period,n,percentage
Night (12am-6am),2273,48.923805424020664
Evening (6pm-12am),1088,23.417993973310374
Afternoon (12pm-6pm),1032,22.212656048213518
Morning (6am-12pm),253,5.445544554455446
