time_period,n,percentage
Night (12am-6am),2402,48.35917052546809
Evening (6pm-12am),1183,23.817193476947857
Afternoon (12pm-6pm),1129,22.73001811958929
Morning (6am-12pm),253,5.093617877994765
