original_tz,n,percentage
-07:00,561,56.15615615615616
-04:00,180,18.01801801801802
-05:00,142,14.214214214214213
-08:00,112,11.21121121121121
-06:00,4,0.40040040040040037
