time_period,n,percentage
Night (12am-6am),2491,48.08880308880309
Evening (6pm-12am),1270,24.517374517374517
Afternoon (12pm-6pm),1165,22.49034749034749
Morning (6am-12pm),254,4.903474903474903
