time_period,n,percentage
Night (12am-6am),2420,48.40968193638728
Evening (6pm-12am),1195,23.90478095619124
Afternoon (12pm-6pm),1130,22.604520904180838
Morning (6am-12pm),254,5.081016203240648
