time_period,n,percentage
Afternoon (12pm-6pm),671,35.42766631467793
Night (12am-6am),651,34.37170010559662
Evening (6pm-12am),455,24.02323125659979
Morning (6am-12pm),117,6.17740232312566
