time_period,n,percentage
Night (12am-6am),2381,48.58192205672312
Evening (6pm-12am),1163,23.72985105080596
Afternoon (12pm-6pm),1104,22.526015098959395
Morning (6am-12pm),253,5.162211793511529
