time_period,n,percentage
Night (12am-6am),2479,48.06126405583559
Evening (6pm-12am),1262,24.46684761535479
Afternoon (12pm-6pm),1163,22.54749903063203
Morning (6am-12pm),254,4.924389298177588
