time_period,n,percentage
Night (12am-6am),2373,48.81711581979017
Evening (6pm-12am),1156,23.781114996914216
Afternoon (12pm-6pm),1079,22.197078790372352
Morning (6am-12pm),253,5.204690392923267
