time_period,n,percentage
Night (12am-6am),2314,48.95282420139623
Evening (6pm-12am),1114,23.566744235244343
Afternoon (12pm-6pm),1046,22.12819970382907
Morning (6am-12pm),253,5.352231859530358
