time_period,n,percentage
Night (12am-6am),2396,48.502024291497975
Evening (6pm-12am),1172,23.724696356275306
Afternoon (12pm-6pm),1119,22.65182186234818
Morning (6am-12pm),253,5.1214574898785425
