time_period,n,percentage
Night (12am-6am),2477,48.08774995146574
Evening (6pm-12am),1260,24.4612696563774
Afternoon (12pm-6pm),1160,22.519899048728405
Morning (6am-12pm),254,4.931081343428461
