time_period,n,percentage
Night (12am-6am),2350,49.08103592314119
Evening (6pm-12am),1136,23.72598162071846
Afternoon (12pm-6pm),1049,21.908939014202172
Morning (6am-12pm),253,5.284043441938178
