time_period,n,percentage
Night (12am-6am),2328,48.98989898989899
Evening (6pm-12am),1125,23.674242424242426
Afternoon (12pm-6pm),1046,22.011784511784512
Morning (6am-12pm),253,5.324074074074074
