time_period,n,percentage
Night (12am-6am),2296,48.83028498511272
Evening (6pm-12am),1109,23.58570820927265
Afternoon (12pm-6pm),1044,22.203317737133137
Morning (6am-12pm),253,5.380689068481497
