time_period,n,percentage
Night (12am-6am),2487,48.05797101449276
Evening (6pm-12am),1270,24.541062801932366
Afternoon (12pm-6pm),1164,22.492753623188406
Morning (6am-12pm),254,4.908212560386473
