time_period,n,percentage
Night (12am-6am),2306,48.91811624946967
Evening (6pm-12am),1111,23.568095036062793
Afternoon (12pm-6pm),1044,22.146796775562155
Morning (6am-12pm),253,5.366991938905389
