time_period,n,percentage
Night (12am-6am),2443,48.46260662566951
Evening (6pm-12am),1205,23.903987304106327
Afternoon (12pm-6pm),1139,22.59472326919262
Morning (6am-12pm),254,5.038682801031542
