time_period,n,percentage
Night (12am-6am),2495,48.110296953335904
Evening (6pm-12am),1272,24.527574238333976
Afternoon (12pm-6pm),1165,22.46432703432318
Morning (6am-12pm),254,4.897801774006942
