time_period,n,percentage
Night (12am-6am),2271,48.95451605949558
Evening (6pm-12am),1086,23.410217719336064
Afternoon (12pm-6pm),1031,22.224617374434143
Morning (6am-12pm),251,5.41064884673421
