time_period,n,percentage
Night (12am-6am),2470,48.298787641767696
Evening (6pm-12am),1235,24.149393820883848
Afternoon (12pm-6pm),1155,22.585060617911616
Morning (6am-12pm),254,4.96675791943684
