time_period,n,percentage
Night (12am-6am),2322,49.0080202617138
Evening (6pm-12am),1117,23.575348248205994
Afternoon (12pm-6pm),1046,22.076825664837486
Morning (6am-12pm),253,5.339805825242718
