time_period,n,percentage
Night (12am-6am),2354,49.07233687721493
Evening (6pm-12am),1140,23.764853033145716
Afternoon (12pm-6pm),1050,21.88868042526579
Morning (6am-12pm),253,5.274129664373567
