time_period,n,percentage
Night (12am-6am),2296,48.851063829787236
Evening (6pm-12am),1109,23.595744680851062
Afternoon (12pm-6pm),1042,22.170212765957448
Morning (6am-12pm),253,5.382978723404255
