time_period,n,percentage
Night (12am-6am),2408,48.38255977496484
Evening (6pm-12am),1187,23.84970865983524
Afternoon (12pm-6pm),1129,22.6843480008037
Morning (6am-12pm),253,5.083383564396223
