time_period,n,percentage
Afternoon (12pm-6pm),677,35.33402922755741
Night (12am-6am),659,34.39457202505219
Evening (6pm-12am),463,24.16492693110647
Morning (6am-12pm),117,6.106471816283925
