time_period,n,percentage
Night (12am-6am),2330,49.00105152471083
Evening (6pm-12am),1126,23.680336487907468
Afternoon (12pm-6pm),1046,21.997896950578337
Morning (6am-12pm),253,5.320715036803365
