time_period,n,percentage
Night (12am-6am),2430,48.42566759665205
Evening (6pm-12am),1199,23.893981666002393
Afternoon (12pm-6pm),1135,22.61857313670785
Morning (6am-12pm),254,5.061777600637704
