time_period,n,percentage
Night (12am-6am),2412,48.375451263537904
Evening (6pm-12am),1191,23.886883273164862
Afternoon (12pm-6pm),1130,22.663457681508223
Morning (6am-12pm),253,5.074207781789009
