time_period,n,percentage
Night (12am-6am),2452,48.477659153815736
Evening (6pm-12am),1210,23.922499011466982
Afternoon (12pm-6pm),1142,22.57809410834322
Morning (6am-12pm),254,5.021747726374061
