time_period,n,percentage
Night (12am-6am),2300,48.85301614273577
Evening (6pm-12am),1111,23.598130841121495
Afternoon (12pm-6pm),1044,22.1750212404418
Morning (6am-12pm),253,5.373831775700935
