time_period,n,percentage
Night (12am-6am),2401,48.39750050393066
Evening (6pm-12am),1178,23.745212658738158
Afternoon (12pm-6pm),1129,22.757508566821205
Morning (6am-12pm),253,5.099778270509978
