time_period,n,percentage
Night (12am-6am),2373,48.857319332921556
Evening (6pm-12am),1152,23.7183446571958
Afternoon (12pm-6pm),1079,22.215359275272803
Morning (6am-12pm),253,5.208976734609841
