time_period,n,percentage
Night (12am-6am),2392,48.54881266490765
Evening (6pm-12am),1172,23.787294499695555
Afternoon (12pm-6pm),1110,22.528922265070022
Morning (6am-12pm),253,5.134970570326771
