time_period,n,percentage
Night (12am-6am),2488,48.068006182380216
Evening (6pm-12am),1270,24.53632148377125
Afternoon (12pm-6pm),1164,22.48840803709428
Morning (6am-12pm),254,4.90726429675425
