time_period,n,percentage
Night (12am-6am),2318,48.985629754860526
Evening (6pm-12am),1115,23.56297548605241
Afternoon (12pm-6pm),1046,22.104818258664412
Morning (6am-12pm),253,5.346576500422654
