time_period,n,percentage
Night (12am-6am),2480,48.00619434765776
Evening (6pm-12am),1269,24.56445993031359
Afternoon (12pm-6pm),1163,22.51258226867983
Morning (6am-12pm),254,4.916763453348819
