time_period,n,percentage
Night (12am-6am),2475,48.1892523364486
Evening (6pm-12am),1248,24.299065420560748
Afternoon (12pm-6pm),1159,22.56619937694704
Morning (6am-12pm),254,4.945482866043614
