time_period,n,percentage
Night (12am-6am),2380,48.690671031096564
Evening (6pm-12am),1159,23.71112929623568
Afternoon (12pm-6pm),1096,22.42225859247136
Morning (6am-12pm),253,5.1759410801964
