time_period,n,percentage
Night (12am-6am),2381,48.6414708886619
Evening (6pm-12am),1162,23.738508682328906
Afternoon (12pm-6pm),1099,22.451481103166497
Morning (6am-12pm),253,5.168539325842696
