time_period,n,percentage
Night (12am-6am),2443,48.48184163524509
Evening (6pm-12am),1204,23.89362968843024
Afternoon (12pm-6pm),1138,22.583846001190715
Morning (6am-12pm),254,5.040682675133955
