time_period,n,percentage
Night (12am-6am),2412,48.36575095247644
Evening (6pm-12am),1192,23.90214557850411
Afternoon (12pm-6pm),1130,22.65891317425306
Morning (6am-12pm),253,5.073190294766393
