time_period,n,percentage
Night (12am-6am),2271,48.93341952165481
Evening (6pm-12am),1086,23.400129282482222
Afternoon (12pm-6pm),1031,22.215039862098685
Morning (6am-12pm),253,5.451411333764275
